-- inserts

Insert INTO Reinos (nome) values 
('Animalia'),
('Plantae'),
('Fungi'),
('Protista'),
('Archaea'),
('Bacteria');

INSERT INTO Filos (nome, reino_id) values 
('Chordata', 1),
('Magnoliophyta', 2),
('Basidiomycota', 3),
('Arthropoda', 1),
('Annelida', 1),
('Cnidaria', 1),
('Mollusca', 1),
('Bryophyta', 2),
('Pteridophyta', 2),
('Chytridiomycota', 3),
('Protozoa', 4),
('Chlorophyta', 4),
('Thaumarchaeota', 5),
('Cyanobacteria', 6),
('Actinobacteria', 6);


INSERT INTO Classes (nome, filo_id) VALUES 
('Mammalia', 1),
('Aves', 1),
('Magnoliopsida', 2),
('Agaricomycetes', 3),
('Osteichthyes', 1),
('Reptilia', 1),
('Amphibia',1),
('Insecta', 4),
('Oligochaeta', 5),
('Hirudinea', 5),
('Polychaeta', 5),
('Anthozoa', 6),
('Gastropoda', 7),
('Liliopsida', 2),
('Bryopsida', 8),
('Polypodiopsida', 9),
('Agaricomycetes', 3),
('Chytridiomycetes', 10),
('Amoebozoa', 11),
('Chlorophyeae', 12),
('Thaumarchaeota', 13),
('Nostocophycideae', 14),
('Actinobacteria', 15);


INSERT INTO Ordens (nome, classe_id) VALUES --Extenso a partir desse ponto
('Carnivora', 1),
('Primates', 1),
('Rodentia', 1),
('Passeriformes', 2),
('Accipitriformes', 2),
('Psittaciformes', 2),
('Rosales', 3),
('Fabales', 3),
('Asterales', 3),
('Agaricales', 4),
('Boletales', 4),
('Russulales', 4),
('Perciformes', 5),
('Cypriniformes', 5),
('Siluriformes', 5),
('Squamata', 6),
('Testudines', 6),
('Crocodylia', 6),
('Anura', 7),
('Caudata', 7),
('Gymnophiona', 7),
('Coleoptera', 8),
('Lepidoptera', 8),
('Diptera', 8),
('Lumbriculida', 9),
('Haplotaxida', 9),
('Moniligastrida', 9),
('Rhynchobdellida', 10),
('Arhynchobdellida', 10),
('Phyllodocida', 11),
('Capitellida', 11),
('Scleractinia', 12),
('Actiniaria', 12),
('Stylommatophora', 13),
('Neogastropoda', 13),
('Poales', 14),
('Asparagales', 14),
('Hypnales', 15),
('Bryales', 15),
('Polypodiales', 16),
('Salviniales', 16),
('Agaricales', 4),
('Boletales', 4),
('Chytridiales', 17),
('Spizellomycetales', 17),
('Tubulinea', 18),
('Discosea', 18),
('Chlorococcales', 19),
('Volvocales', 19),
('Nitrososphaerales', 20),
('Nostocales', 21),
('Stigonematales', 21),
('Actinomycetales', 22),
('Corynebacteriales', 22);

INSERT INTO familias (nome, ordem_id) VALUES 
('Felidae', 1),
('Canidae', 1),
('Hominidae', 2),
('Cebidae', 2),
('Atalidae', 2),
('Muridae', 3),
('Sciuridae', 3),
('Fringillidae', 4),
('Turdidae', 4),
('Accipitridae', 5),
('Pandionidae', 5),
('Psittacidae', 6),
('Cacatuidae', 6),
('Rosaceae', 7),
('Moraceae', 7),
('Fabaceae', 8),
('Polygalaceae', 8),
('Asteraceae', 9),
('Campanulaceae', 9),
('Agaricaceae', 10),
('Cortinariaceae', 10),
('Boletaceae', 11),
('Gomphidiaceae', 11),
('Russulaceae', 12),
('Hericiaceae', 12),
('Percidae', 13),
('Serranidae', 13),
('Cyprinidae', 14),
('Cobitidae', 14),
('Ictaluridae', 15),
('Pimelodidae', 15),
('Gekkonidae', 16),
('Iguanidae', 16),
('Testudinidae', 17),
('Emydidae', 17),
('Crocodylidae', 18),
('Alligatoridae', 18),
('Ranidae', 19),
('Bufonidae', 19),
('Salamandridae', 20),
('Ambystomatidae', 20),
('Caeciliidae', 21),
('Typhlonectidae', 21),
('Carabidae', 22),
('Cerambycidae', 22),
('Nymphalidae', 23),
('Papilionidae', 23),
('Culicidae', 24),
('Drosophilidae', 24),
('Lumbricidae', 25),
('Enchytraeidae', 25),
('Tubificidae', 26),
('Haplotaxidae', 26),
('Moniligastridae', 27),
('Almidae', 27),
('Glossiphoniidae', 28),
('Piscicolidae', 28),
('Hirudinidae', 29),
('Erpobdellidae', 29),
('Phyllodocidae', 30),
('Nereididae', 30),
('Capitellidae', 31),
('Opheliidae', 31),
('Acroporidae', 32),
('Faviidae', 32),
('Actiniidae', 33),
('Metridiidae', 33),
('Helicidae', 34),
('Achatinidae', 34),
('Muricidae', 35),
('Conidae', 35),
('Poaceae', 36),
('Cyperaceae', 36),
('Orchidaceae', 37),
('Asparagaceae', 37),
('Hypnaceae', 38),
('Brachytheciaceae', 38),
('Bryaceae', 39),
('Mniaceae', 39),
('Polypodiaceae', 40),
('Dryopteridaceae', 40),
('Salviniaceae', 41),
('Marsileaceae', 41),
('Agaricaceae', 10),
('Cortinariaceae', 10),
('Chytridiaceae', 42),
('Rhizophlyctidaceae', 42),
('Spizellomycetaceae', 43),
('Olpidiaceae', 43),
('Amoebidae', 44),
('Hartmannellidae', 44),
('Vannellidae', 45),
('Acanthamoebidae', 45),
('Chlorococcaceae', 46),
('Oocystaceae', 46),
('Volvocaceae', 47),
('Goniaceae', 47),
('Nitrososphaeraceae', 48),
('Nostocaceae', 49),
('Rivulariaceae', 49),
('Stigonemataceae', 50),
('Fischerellaceae', 50),
('Streptomycetaceae', 51),
('Nocardiaceae', 51),
('Corynebacteriaceae', 52),
('Mycobacteriaceae', 52);

INSERT INTO generos (nome, familia_id) VALUES 
('Panthera', 1),
('Felis', 1),
('Canis', 2),
('Vulpes', 2),
('Homo', 3),
('Pan', 3),
('Cebus', 4),
('Saimiri', 4),
('Atelidae', 5),
('Alouatta', 5),
('Mus', 6),
('Rattus', 6),
('Sciurus', 7),
('Tamias', 7),
('Carduelis', 8),
('Spinus', 8),
('Turdus', 9),
('Catharus', 9),
('Aquila', 10),
('Buteo', 10),
('Pandion', 11),
('Amazona', 12),
('Eclectus', 12),
('Cacatua', 13),
('Calyptorhynchus', 13),
('Rosa', 14),
('Rubus', 14),
('Ficus', 15),
('Broussonetia', 15),
('Glycine', 16),
('Phaseolus', 16),
('Polygala', 17),
('Xerophyta', 17),
('Helianthus', 18),
('Aster', 18),
('Campanula', 19),
('Lobelia', 19),
('Agaricus', 20),
('Psilocybe', 20),
('Cortinarius', 21),
('Gymnopilus', 21),
('Boletus', 22),
('Suillus', 22),
('Gomphidius', 23),
('Gomphidius', 23),
('Russula', 24),
('Lactarius', 24),
('Hericium', 25),
('Lion’s Mane', 25),
('Perca', 26),
('Sander', 26),
('Serranus', 27),
('Epinephelus', 27),
('Cyprinus', 28),
('Danio', 28),
('Cobitis', 29),
('Misgurnus', 29),
('Ictalurus', 30),
('Ameiurus', 30),
('Pimelodus', 31),
('Brachyplatystoma', 31),
('Gekko', 32),
('Eublepharis', 32),
('Iguana', 33),
('Ctenosaura', 33),
('Testudo', 34),
('Geochelone', 34),
('Clemmys', 35),
('Graptemys', 35),
('Crocodylus', 36),
('Osteolaemus', 36),
('Alligator', 37),
('Paleosuchus', 37),
('Rana', 38),
('Lithobates', 38),
('Bufo', 39),
('Rhinella', 39),
('Salamandra', 40),
('Triturus', 40),
('Ambystoma', 41),
('Dicamptodon', 41),
('Caecilia', 42),
('Siphonops', 42),
('Typhlonectes', 43),
('Atretochoana', 43),
('Carabus', 44),
('Harpalus', 44),
('Cerambyx', 45),
('Dorcadion', 45),
('Danaus', 46),
('Vanessa', 46),
('Papilio', 47),
('Battus', 47),
('Anopheles', 48),
('Aedes', 48),
('Drosophila', 49),
('Zaprionus', 49),
('Lumbricus', 50),
('Eisenia', 50),
('Enchytraeus', 51),
('Fridericia', 51),
('Tubifex', 52),
('Limnodrilus', 52),
('Haplotaxis', 53),
('Haplotaxus', 53),
('Moniligaster', 54),
('Almidae', 54),
('Glossiphonia', 55),
('Helobdella', 55),
('Piscicola', 56),
('Pseudobiceros', 56),
('Hirudo', 57),
('Haemadipsa', 57),
('Erpobdella', 58),
('Tritomegas', 58),
('Phyllodoce', 59),
('Pseudophyllodoce', 59),
('Nereis', 60),
('Alkmaria', 60),
('Capitella', 61),
('Ophryotrocha', 61),
('Ophelia', 62),
('Ehlersia', 62),
('Acropora', 63),
('Montipora', 63),
('Favites', 64),
('Favia', 64),
('Actinia', 65),
('Metridium', 65),
('Metridium', 66),
('Haliplanella', 66),
('Helix', 67),
('Cornu', 67),
('Achatina', 68),
('Achatinella', 68),
('Murex', 69),
('Chicoreus', 69),
('Conus', 70),
('Turriconus', 70),
('Zea', 71),
('Oryza', 71),
('Cyperus', 72),
('Scleria', 72),
('Orchid', 73),
('Vanilla', 73),
('Asparagus', 74),
('Yucca', 74),
('Hypnum', 75),
('Plagiomnium', 75),
('Brachythecium', 76),
('Pseudotaxiphyllum', 76),
('Bryum', 77),
('Pottia', 77),
('Mnium', 78),
('Tortula', 78),
('Polypodium', 79),
('Phlebodium', 79),
('Dryopteris', 80),
('Thelypteris', 80),
('Salvinia', 81),
('Marsilea', 81),
('Marsilea', 82),
('Pilularia', 82),
('Chytridium', 83),
('Rhizophlyctis', 83),
('Rhizophlyctis', 84),
('Phaeosaccardin', 84),
('Spizellomyces', 85),
('Olpidiopsis', 85),
('Olpidiopsis', 86),
('Olpidiella', 86),
('Amoeba', 87),
('Entamoeba', 87),
('Hartmannella', 88),
('Hartmannella', 88),
('Vannella', 89),
('Vannella', 89),
('Acanthamoeba', 90),
('Naegleria', 90),
('Chlorococcum', 91),
('Oocystis', 91),
('Oocystis', 92),
('Chlorella', 92),
('Volvox', 93),
('Goniastrea', 93),
('Goniastrea', 94),
('Goniopora', 94),
('Nitrososphaera', 95),
('Nitrosotalea', 95),
('Nostoc', 96),
('Anabaena', 96),
('Rivularia', 97),
('Calothrix', 97),
('Stigonema', 98),
('Fischerella', 98),
('Fischerella', 99),
('Nostoc', 99),
('Streptomyces', 100),
('Kitasatospora', 100),
('Nocardia', 101),
('Rhodococcus', 101),
('Corynebacterium', 102),
('Arcanobacterium', 102),
('Mycobacterium', 103),
('Nocardia', 103);


INSERT INTO especies (nome_cientifico, nome_comum, descricao, status_conservacao, genero_id) VALUES 	
('Panthera tigris', 'Tigre', 'Um grande felino, de cor laranja conhecido por suas listras, quando você o vir é tarde demais', 'Não ameaçado', 1),
('Panthera leo', 'Leão', 'O rei da selva, se correr e pular em você, Teste de Resistência (FOR)', 'Vulnerável', 1),
('Felis catus', 'Gato Doméstico', 'Gato pequeno, conhecido como animal de estimação', 'Não ameaçado', 2),
('Felis silvestris', 'Gato Selvagem', 'Gato pequeno encontrado em áreas selvagens', 'Menos preocupante', 2),
('Canis lupus', 'Lobo Cinzento', 'Grande canídeo encontrado na América do Norte e Eurasia', 'Não ameaçado', 3),
('Vulpes vulpes', 'Raposa Vermelha', 'Canídeo pequeno encontrado em diversas regiões', 'Não ameaçado', 4),
('Homo sapiens', 'Humano', 'Espécie (se diz) dominante de hominídeos', 'Não ameaçado', 5),
('Pan troglodytes', 'Chimpanzé', 'Primata altamente inteligente e próximo ao ser humano', 'Ameaçado', 6),
('Cebus capucinus', 'Macaco-Prego', 'Macaco pequeno encontrado em florestas tropicais', 'Não ameaçado', 7),
('Saimiri sciureus', 'Saimiri', 'Pequeno macaco encontrado em áreas tropicais', 'Não ameaçado', 8),
('Alouatta seniculus', 'Bugio', 'Primata de grande porte conhecido pelo seu vocal e "rugido"', 'Não ameaçado', 9),
('Mus musculus', 'Camundongo', 'Pequeno roedor encontrado em todo o mundo', 'Não ameaçado', 10),
('Rattus norvegicus', 'Rato', 'Roedor encontrado em ambientes urbanos e rurais', 'Não ameaçado', 11),
('Sciurus carolinensis', 'Esquilo Cinza', 'Esquilo comum encontrado na América do Norte', 'Não ameaçado', 12),
('Tamias striatus', 'Esquilo de Faíscas', 'Esquilo pequeno encontrado na América do Norte', 'Não ameaçado', 13),
('Carduelis carduelis', 'Pintarroxo', 'Pequena ave com plumagem colorida encontrada na Europa', 'Não ameaçado', 14),
('Spinus tristis', 'Pintassilgo', 'Ave pequena encontrada na América do Norte', 'Não ameaçado', 15),
('Turdus merula', 'Sabiá laranjeira', 'Ave comum na Europa, conhecida pelo seu canto', 'Não ameaçado', 16),
('Catharus guttatus', 'Sabiá poca', 'Ave encontrada na América do Norte', 'Não ameaçado', 17),
('Aquila nipalensis', 'Águia Imperial', 'Grande águia encontrada na Ásia', 'Não ameaçado', 18),
('Buteo jamaicensis', 'Buzzard de Cauda Vermelha', 'Águia encontrada na América do Norte', 'Não ameaçado', 19),
('Pandion haliaetus', 'Águia Pesqueira', 'Águia especializada em pescar', 'Não ameaçado', 20),
('Amazona amazonica', 'Amazona', 'Papagaio encontrado na Amazônia', 'Não ameaçado', 21),
('Eclectus roratus', 'Eclectus', 'Papagaio colorido encontrado na Oceania', 'Não ameaçado', 22),
('Cacatua alba', 'Cacatua de bico amarelo', 'Papagaio encontrado na Indonésia', 'Não ameaçado', 23),
('Calyptorhynchus banksii', 'Cacatua de bico vermelho', 'Papagaio encontrado na Austrália', 'Não ameaçado', 24),
('Rosa rubiginosa', 'Rosa Selvagem', 'Planta conhecida por suas flores perfumadas e espinhos', 'Não ameaçado', 25),
('Ficus elastica', 'Figueira de borracha', 'Planta encontrada em florestas tropicais', 'Não ameaçado', 26),
('Glycine max', 'Soja', 'Planta leguminosa cultivada globalmente', 'Não ameaçado', 27),
('Phaseolus vulgaris', 'Feijão', 'Planta leguminosa cultivada em todo o mundo', 'Não ameaçado', 28),
('Helianthus annuus', 'Girassol', 'Planta conhecida por suas grandes flores amarelas', 'Não ameaçado', 29),
('Aster amellus', 'Aster', 'Planta com flores em formato de estrela', 'Não ameaçado', 30),
('Campanula rotundifolia', 'Campânula', 'Planta com flores em forma de sino', 'Não ameaçado', 31),
('Lobelia erinus', 'Lobélia', 'Planta com flores pequenas e intensamente coloridas', 'Não ameaçado', 32),
('Agaricus bisporus', 'Cogumelo Paris', 'Cogumelo comum encontrado em áreas úmidas', 'Não ameaçado', 33),
('Cortinarius violaceus', 'Cogumelo Violeta', 'Cogumelo encontrado em florestas', 'Não ameaçado', 34),
('Boletus edulis', 'Cogumelo Porcini', 'Cogumelo comestível encontrado em florestas', 'Não ameaçado', 35),
('Gomphidius glutinosus', 'Cogumelo Gomphidius', 'Cogumelo encontrado em áreas de floresta', 'Não ameaçado', 36),
('Russula emetica', 'Cogumelo Russula', 'Cogumelo encontrado em florestas', 'Não ameaçado', 37),
('Hericium erinaceus', 'Hérisson', 'Cogumelo com aparência de ouriço', 'Não ameaçado', 38),
('Perca fluviatilis', 'Lúcio', 'Peixe de água doce encontrado na Europa e Ásia', 'Não ameaçado', 39),
('Serranus cabrilla', 'Sargo', 'Peixe encontrado no Mediterrâneo', 'Não ameaçado', 40),
('Cyprinus carpio', 'Carpa', 'Peixe de água doce encontrado na Ásia e Europa', 'Não ameaçado', 41),
('Cobitis taenia', 'Locha', 'Peixe de água doce encontrado na Europa', 'Não ameaçado', 42),
('Ictalurus punctatus', 'Bagre de Canal', 'Peixe de água doce encontrado na América do Norte', 'Não ameaçado', 43),
('Pimelodus pictus', 'Bagre Pintado', 'Peixe encontrado na América do Sul', 'Não ameaçado', 44),
('Gekko gecko', 'Lagartixa', 'Lagartixa comum encontrada em áreas tropicais', 'Não ameaçado', 45),
('Iguana iguana', 'Iguana', 'Grande lagarto encontrado na América Central e do Sul', 'Não ameaçado', 46),
('Testudo graeca', 'Tartaruga Grega', 'Tartaruga terrestre encontrada na Europa e Ásia', 'Vulnerável', 47),
('Clemmys guttata', 'Tartaruga de Pinta', 'Tartaruga encontrada na América do Norte', 'Não ameaçado', 48),
('Crocodylus niloticus', 'Crocodilo do Nilo', 'Grande crocodilo encontrado na África', 'Não ameaçado', 49),
('Alligator mississippiensis', 'Jacaré Americano', 'Crocodilo encontrado no sudeste dos Estados Unidos', 'Não ameaçado', 50),
('Rana temporaria', 'Rã Comum', 'Rã encontrada na Europa', 'Não ameaçado', 51),
('Bufo bufo', 'Sapo Comum', 'Sapo encontrado na Europa', 'Não ameaçado', 52),
('Salamandra salamandra', 'Salamandra de fogo', 'Salamandra encontrada na Europa', 'Não ameaçado', 53),
('Ambystoma mexicanum', 'Axolote', 'Salamandra encontrada no México', 'Criticamente Ameaçado', 54),
('Caecilia tentaculata', 'Cecília', 'Anfíbio sem pernas encontrado na América Central', 'Não ameaçado', 55),
('Carabus auratus', 'Carabídeo Dourado', 'Inseto encontrado na Europa', 'Não ameaçado', 56),
('Cerambyx cerdo', 'Besouro Cerambícido', 'Besouro encontrado na Europa', 'Não ameaçado', 57),
('Danaus plexippus', 'Borboleta Monarca', 'Borboleta migratória encontrada na América do Norte', 'Não ameaçado', 58),
('Papilio machaon', 'Cavalo de frade', 'Borboleta encontrada na Europa e Ásia', 'Não ameaçado', 59),
('Anopheles gambiae', 'Mosquito da Malária', 'Mosquito encontrado na África', 'Não ameaçado', 60),
('Drosophila melanogaster', 'Mosca da fruta', 'Pequena mosca encontrada em todo o mundo', 'Não ameaçado', 61),
('Lumbricus terrestris', 'Minhoca', 'Minhoca encontrada em solo úmido', 'Não ameaçado', 62),
('Hirudo medicinalis', 'Sanguessuga Medicinal', 'Sanguessuga encontrada na Europa', 'Não ameaçado', 63),
('Nereis virens', 'Nereide', 'Poliqueta encontrada em áreas marinhas', 'Não ameaçado', 64),
('Acropora millepora', 'Coral Acropora', 'Coral encontrado em recifes tropicais', 'Ameaçado', 65),
('Favites pentagona', 'Coral Favite', 'Coral encontrado em recifes tropicais', 'Ameaçado', 66),
('Actinia equina', 'Anêmona do mar', 'Anêmona encontrada em áreas intertidais', 'Não ameaçado', 67),
('Achatina achatina', 'Caracol Gigante Africano', 'Caracol encontrado na África', 'Não ameaçado', 68),
('Conus textile', 'Caracol Cone', 'Caracol marinho encontrado no Indo-Pacífico', 'Não ameaçado', 69),
('Zea mays', 'Milho', 'Planta cultivada para alimentação em todo o mundo', 'Não ameaçado', 70),
('Vanilla planifolia', 'Baunilha', 'Planta cultivada por suas vagens aromáticas', 'Não ameaçado', 71),
('Asparagus officinalis', 'Aspargo', 'Planta cultivada como vegetal', 'Não ameaçado', 72),
('Bryum caespiticium', 'Musgo', 'Musgo encontrado em áreas sombreadas', 'Não ameaçado', 73),
('Polypodium vulgare', 'Polipódio', 'Samambaia encontrada em áreas úmidas', 'Não ameaçado', 74),
('Marsilea quadrifolia', 'Três Folhas', 'Planta aquática encontrada em áreas tropicais', 'Não ameaçado', 75),
('Rhizophlyctis rosea', 'Rhizophlyctis', 'Fungo aquático encontrado em água doce', 'Não ameaçado', 76),
('Amoeba proteus', 'Amoeba', 'Protista encontrado em água doce', 'Não ameaçado', 77),
('Entamoeba histolytica', 'Entamoeba', 'Protista parasita encontrado no trato intestinal', 'Não ameaçado', 78),
('Chlorococcum humicola', 'Chlorococcum', 'Algas verdes encontradas em solos úmidos', 'Não ameaçado', 79),
('Volvox aureus', 'Volvox', 'Algas formadoras de colônias encontradas em água doce', 'Não ameaçado', 80),
('Nostoc commune', 'Nostoc', 'Cianobactéria encontrada em ambientes úmidos', 'Não ameaçado', 81),
('Streptomyces griseus', 'Streptomyces', 'Bactéria produtora de antibióticos encontrada no solo', 'Não ameaçado', 82),
('Corynebacterium diphtheriae', 'Corynebactéria', 'Bactéria causadora de difteria encontrada em humanos', 'Não ameaçado', 83),
('Mycobacterium tuberculosis', 'Mycobactéria', 'Bactéria causadora da tuberculose', 'Não ameaçado', 84);


INSERT INTO doencas (nome, descricao, taxa_mortalidade) VALUES
('Raiva', 'Doença viral transmitida por mordidas de animais infectados, afeta o sistema nervoso central.', 100),
('Leptospirose', 'Infecção bacteriana transmitida pela urina de animais infectados, afeta vários órgãos.', 10),
('Tuberculose', 'Infecção bacteriana que afeta principalmente os pulmões, mas pode afetar outros órgãos.', 5),
('Parvovirose', 'Doença viral que afeta principalmente cães jovens, levando a diarreia grave.', 90),
('Distemper', 'Doença viral que afeta principalmente cães, com sintomas respiratórios e neurológicos.', 50),
('Newcastle', 'Doença viral que afeta aves, causando sintomas respiratórios e neurológicos.', 30),
('Psitacose', 'Infecção bacteriana que afeta papagaios e outros psitacídeos, podendo ser transmitida para humanos.', 15),
('Mareks', 'Doença viral que afeta galinhas, causando tumores e paralisia.', 50),
('Doença de Mouth Rot', 'Infecção bacteriana que afeta a boca dos répteis, causando úlceras e necrose.', 20),
('Cryptococose', 'Infecção fúngica que pode afetar répteis e outros animais, levando a problemas respiratórios e neurológicos.', 10),
('Ichthyophthirius', 'Doença parasitária causada por protozoários, que causa lesões na pele e nas brânquias.', 60),
('Vírus da Mancha Branca', 'Doença viral que afeta principalmente camarões, levando à mortalidade em larga escala.', 90),
('Míldio', 'Doença fúngica que afeta várias plantas, causando manchas e enfraquecimento.', 5),
('Ferrugem', 'Doença fúngica que afeta plantas cultivadas, levando à perda de folhas e redução na produção.', 20),
('Botrite', 'Doença fúngica que afeta frutas e flores, causando apodrecimento.', 30),
('Míldio', 'Doença fúngica que afeta plantas, causando manchas nas folhas.', 5),
('Esclerotinia', 'Doença fúngica que afeta plantas cultivadas, causando apodrecimento.', 20),
('Raiva', 'Doença viral transmitida pela mordida de animais infectados, que afeta o sistema nervoso central. É quase sempre fatal após o início dos sintomas.', 100),
('Leptospirose', 'Infecção bacteriana transmitida pela urina de animais infectados, que pode levar a febre, dor muscular e problemas renais. Se não tratada, pode ser fatal.', 10),
('Toxoplasmose', 'Infecção parasitária transmitida principalmente por gatos, que pode causar sintomas semelhantes aos da gripe e complicações graves em pessoas imunocomprometidas.', 2),
('Psitacose', 'Infecção bacteriana transmitida por aves como papagaios, que pode causar febre, tosse e pneumonia.', 5),
('Salmonelose', 'Infecção bacteriana que pode ser transmitida por aves contaminadas e causar sintomas gastrointestinais, como diarreia e febre.', 1),
('Salmonelose', 'Infecção bacteriana que pode ser transmitida por répteis, causando sintomas gastrointestinais como diarreia e febre.', 1),
('Histoplasmose', 'Infecção fúngica transmitida por esporos encontrados em excrementos de répteis, que pode causar sintomas respiratórios e sistêmicos.', 10),
('Anisakidose', 'Infecção parasitária transmitida pelo consumo de peixes crus ou mal cozidos, causando dor abdominal e náuseas.', 2),
('Cisticercose', 'Infecção causada por larvas da tênia encontrada em peixes, que pode causar problemas neurológicos se as larvas migraram para o cérebro.', 10),
('Malária', 'Doença parasitária transmitida por mosquitos Anopheles, causando febre, calafrios e anemia. Pode ser fatal se não tratada.', 20),
('Doença de Chagas', 'Infecção causada pelo parasita Trypanosoma cruzi, transmitido por percevejos. Pode causar problemas cardíacos e digestivos graves.', 10),
('Dengue', 'Doença viral transmitida por mosquitos Aedes, causando febre alta, dor muscular e nas articulações. Em casos graves, pode levar a hemorragias.', 2),
('Arbovirose', 'Infecção viral transmitida por picadas de insetos que se alimentam de plantas infectadas, como o vírus da febre do Nilo Ocidental.', 5),
('Intoxicação por plantas', 'Envenenamento causado pela ingestão de plantas tóxicas, levando a sintomas variados como náuseas, vômitos e até a morte.', 10);


INSERT INTO especie_doencas (especie_id, doenca_id, afeta_humanos) VALUES
 (1, 1, TRUE),
  (2, 1, TRUE),
  (3, 2, TRUE),
  (4, 2, TRUE),
  (5, 9, FALSE),
  (6, 8, FALSE),
  (7, 10, TRUE),
  (8, 9, TRUE),
  (9, 2, TRUE),
  (10, 1, TRUE),
  (11, 1, TRUE),
  (12, 1, TRUE),
  (13, 1, TRUE),
  (14, 5, FALSE),
  (15, 5, FALSE),
  (16, 7, TRUE),
  (17, 7, TRUE),
  (18, 10, FALSE),
  (19, 10, FALSE),
  (20, 10, FALSE),
  (21, 5, TRUE),
  (22, 5, TRUE),
  (23, 5, TRUE),
  (24, 5, TRUE),
  (25, 16, FALSE),
  (26, 16, FALSE),
  (27, 16, FALSE),
  (28, 16, FALSE),
 (29, 16, FALSE),
  (30, 16, FALSE),
  (31, 16, FALSE),
  (32, 16, FALSE),
 (33, 18, FALSE),
  (34, 18, FALSE),
  (35, 18, FALSE),
  (36, 18, FALSE),
  (37, 18, FALSE),
  (38, 18, FALSE),
  (39, 1, FALSE),
  (40, 1, FALSE),
  (41, 1, FALSE),
  (42, 1, FALSE),
  (43, 1, FALSE),
  (44, 1, FALSE),
  (45, 1, TRUE),
  (46, 1, TRUE),
  (47, 10, TRUE),
  (48, 10, TRUE),
  (49, 10, FALSE),
  (50, 10, FALSE),
  (51, 5, FALSE),
  (52, 5, FALSE),
  (53, 5, FALSE),
  (54, 10, FALSE),
  (55, 10, FALSE),
  (56, 5, FALSE),
  (57, 5, FALSE),
  (58, 5, FALSE),
  (59, 5, FALSE),
  (60, 5, TRUE),
  (61, 5, TRUE),
  (62, 16, FALSE),
  (63, 16, FALSE),
  (64, 16, FALSE),
  (65, 5, FALSE),
  (66, 5, FALSE),
  (67, 16, FALSE),
  (68, 16, FALSE),
  (69, 16, FALSE),
  (70, 16, FALSE),
  (71, 16, FALSE),
  (72, 16, FALSE),
 (73, 16, FALSE),
  (74, 16, FALSE),
  (75, 16, FALSE),
  (76, 16, FALSE),
  (77, 16, FALSE),
  (78, 16, FALSE),
  (79, 16, FALSE),
  (80, 16, FALSE),
   (81, 16, FALSE),
   (82, 16, FALSE),
   (83, 16, FALSE),
   (84, 16, FALSE);

INSERT INTO tipos_interacoes (tipo) VALUES 
('Predação'),
('Parasitismo'),
('Mutualismo'),
('Comensalismo'),
('Competição'),
('Amensalismo'),
('Neutralismo'),
('Simbiose'),
('Cooperação'),
('Antagonismo');

INSERT INTO interacoes (especie1_id, especie2_id, tipo_interacao_id, descricao) VALUES 
(1, 5, 1, 'O tigre pode predar o lobo cinzento em habitats onde suas áreas de distribuição se sobrepõem.'),
(2, 1, 1, 'O leão pode competir com o tigre por presas em habitats compartilhados, mas não é uma interação comum de predação direta.'),
(3, 10, 1, 'O gato doméstico pode ser predado por camundongos em ambientes urbanos, especialmente quando o gato é filhote.'),
(4, 10, 1, 'O gato selvagem pode predar o camundongo em seu habitat natural.'),
(6, 10, 1, 'O lobo cinzento predará o camundongo como parte de sua dieta variada em florestas e áreas rurais.'),
(39, 44, 1, 'O lúcio pode predar o bagre pintado em corpos dágua compartilhados.'),
(49, 50, 1, 'O crocodilo do Nilo pode predar o jacaré americano em habitats sobrepostos na região tropical.'),
(54, 55, 1, 'O axolote pode predar a cecília em ambientes aquáticos onde ambos coexistem.'),
(61, 63, 1, 'A mosca da fruta pode ser predada por sanguessugas medicinais em ambientes onde ambas são encontradas.'),
(7, 8, 2, 'O ser humano pode parasitar o habitat do macaco-prego, afetando-o através da destruição de seu habitat natural.'),
(21, 22, 2, 'O papagaio amazona e o papagaio eclectus competem por recursos em habitats sobrepostos, o que pode afetar negativamente o ecletus.'),
(27, 28, 2, 'A soja e o feijão, ao serem cultivados no mesmo solo, podem competir por nutrientes, afetando o crescimento de ambos.'),
(39, 42, 2, 'A carpa pode competir com a locha por alimento em corpos dágua compartilhados.'),
(18, 24, 3, 'A águia imperial e a cacatua de bico vermelho podem compartilhar o habitat tropical, beneficiando-se mutuamente da presença de presas e abrigo.'),
(22, 21, 3, 'Os papagaios amazona e eclectus podem ajudar na dispersão de sementes das plantas que ambos consomem.'),
(27, 70, 3, 'A soja e o milho podem ser cultivados em rotações que ajudam a manter a qualidade do solo e a fertilidade.'),
(30, 31, 3, 'Aster e campânula podem beneficiar-se mutuamente ao atrair polinizadores para a área.'),
(15, 16, 4, 'O pintassilgo pode se beneficiar dos insetos perturbados pelo sabiá laranjeira sem afetá-lo diretamente.'),
(45, 46, 4, 'A lagartixa pode encontrar abrigo nas áreas onde a iguana vive, sem prejudicar a iguana.'),
(48, 49, 4, 'A tartaruga de pinta pode usar o habitat do crocodilo do Nilo para proteção sem afetar o crocodilo.'),
(3, 4, 5, 'O gato doméstico e o gato selvagem competem por recursos e território em áreas onde ambos estão presentes.'),
(10, 11, 5, 'O camundongo e o rato competem por alimentos e abrigo em ambientes urbanos e rurais.'),
(27, 28, 5, 'A soja e o feijão competem por nutrientes e espaço no solo cultivado.'),
(30, 31, 5, 'O aster e a campânula competem por luz e nutrientes em jardins e áreas sombreadas.'),
(7, 8, 6, 'O ser humano, ao desmatar para cultivo, pode impactar negativamente o habitat do macaco-prego.'),
(23, 25, 6, 'A cacatua de bico amarelo pode consumir flores da rosa selvagem, afetando a reprodução da planta.'),
(37, 38, 6, 'O cogumelo russula pode competir com o cogumelo hérisson por espaço e nutrientes no solo.'),
(19, 20, 7, 'A águia pesqueira e o buzzard de cauda vermelha vivem em áreas de habitat diferentes, sem interação direta significativa.'),
(29, 72, 7, 'O girassol e o aspargo são cultivados em diferentes condições, sem competição ou benefício mútuo significativo.'),
(76, 77, 7, 'O fungo aquático e a ameba vivem em ambientes diferentes, sem interação direta.'),
(30, 32, 8, 'Aster e lobélia podem atrair os mesmos polinizadores, beneficiando-se mutuamente na polinização.'),
(33, 34, 8, 'O cogumelo Paris e o cogumelo violeta colaboram na decomposição de matéria orgânica no solo.'),
(55, 76, 8, 'O axolote e o fungo aquático podem coexistir em ambientes úmidos, ajudando na decomposição da matéria orgânica.'),
(6, 9, 9, 'O lobo cinzento e o bugio podem cooperar em áreas compartilhadas para a defesa do território contra predadores e competidores.'),
(17, 19, 9, 'O sabiá poca e o buzzard de cauda vermelha podem co-existir e ajudar na manutenção do equilíbrio de presas em seu habitat.'),
(1, 2, 10, 'O tigre e o leão podem competir por presas e território em regiões onde suas áreas de distribuição se sobrepõem.'),
(12, 13, 10, 'O esquilo cinza e o esquilo de faíscas competem por recursos e território em áreas florestais compartilhadas.'),
(20, 22, 10, 'A águia pesqueira e o papagaio eclectus podem competir por recursos alimentares em habitats sobrepostos.'),
(53, 54, 10, 'A salamandra de fogo e o axolote podem competir por alimento e espaço em ambientes úmidos.');

INSERT INTO habitats (descricao) VALUES 
('Floresta Amazônica'),
('Mata Atlântica'),
('Caatinga'),
('Zonas Rurais/Agrícolas'),
('Zonas Urbanas'),
('Savana'),
('Deserto'),
('Rios'),
('Mares'),
('Planícies'),
('Montanhas'),
('Tundra'),
('Taiga'),
('Pradarias'),
('Recifes de Corais'),
('Manguezal');

INSERT INTO especie_habitats (especie_id, habitat_id) VALUES 
(1, 1),
(1, 13),
(1, 14),
(2, 6),
(2, 13),
(3, 5),
(3, 4),
(4, 1),
(4, 2),
(4, 6),
(5, 3),
(5, 14),
(5, 13),
(6, 4),
(6, 13),
(6, 14),
(7, 5),
(7, 4),
(8, 1),
(8, 2),
(9, 1),
(9, 2),
(10, 1),
(10, 2),
(11, 1),
(11, 2),
(12, 5),
(12, 4),
(13, 5),
(13, 4),
(14, 14),
(14, 13),
(15, 14),
(15, 13),
(16, 14),
(16, 13),
(17, 14),
(17, 13),
(18, 1),
(18, 2),
(19, 14),
(19, 13),
(20, 8),
(21, 1),
(21, 2),
(22, 2),
(23, 15),
(24, 15),
(25, 1),
(26, 1),
(27, 4),
(28, 4),
(29, 4),
(30, 4),
(31, 4),
(32, 4),
(33, 1),
(34, 1),
(35, 1),
(36, 1),
(37, 1),
(38, 1),
(39, 8),
(40, 8),
(41, 8),
(42, 8),
(43, 8),
(44, 8),
(45, 8),
(46, 8),
(47, 13),
(48, 8),
(49, 8),
(50, 8),
(51, 8),
(52, 8),
(53, 8),
(54, 8),
(55, 8),
(56, 12),
(57, 12),
(58, 14),
(59, 14),
(60, 8),
(61, 5),
(62, 8),
(63, 8),
(64, 8),
(65, 15),
(66, 15),
(67, 15),
(68, 15),
(69, 15),
(70, 15),
(71, 15),
(72, 4),
(73, 4),
(74, 4),
(75, 1),
(76, 1),
(77, 8),
(78, 8),
(79, 8),
(80, 8),
(81, 8),
(82, 8),
(83, 8),
(84, 8),
(85, 8),
(86, 8);

INSERT INTO localizacao (coordenadas, descricao, altitude, area_protegida, area_desmatada) VALUES 
(ST_SetSRID(ST_MakePoint(-60.0, -3.0), 4326), 'Floresta Amazônica', 200, TRUE, FALSE),
(ST_SetSRID(ST_MakePoint(-50.0, -22.0), 4326), 'Mata Atlântica', 500, TRUE, FALSE),
(ST_SetSRID(ST_MakePoint(-40.0, -8.0), 4326), 'Caatinga', 400, FALSE, TRUE),
(ST_SetSRID(ST_MakePoint(-48.0, -15.0), 4326), 'Zonas Rurais/Agrícolas', 300, FALSE, TRUE),
(ST_SetSRID(ST_MakePoint(-46.0, -23.0), 4326), 'Zonas Urbanas', 100, TRUE, TRUE),
(ST_SetSRID(ST_MakePoint(-30.0, -15.0), 4326), 'Savana', 600, FALSE, TRUE),
(ST_SetSRID(ST_MakePoint(-20.0, 0.0), 4326), 'Deserto', 1000, FALSE, TRUE),
(ST_SetSRID(ST_MakePoint(-55.0, -10.0), 4326), 'Rios', 150, TRUE, FALSE),
(ST_SetSRID(ST_MakePoint(-70.0, -15.0), 4326), 'Mares', 0, TRUE, FALSE),
(ST_SetSRID(ST_MakePoint(-55.0, -30.0), 4326), 'Planícies', 200, TRUE, FALSE),
(ST_SetSRID(ST_MakePoint(-70.0, -45.0), 4326), 'Montanhas', 1500, TRUE, TRUE),
(ST_SetSRID(ST_MakePoint(-80.0, -60.0), 4326), 'Tundra', 200, FALSE, TRUE),
(ST_SetSRID(ST_MakePoint(-90.0, -70.0), 4326), 'Taiga', 800, TRUE, FALSE),
(ST_SetSRID(ST_MakePoint(-60.0, -40.0), 4326), 'Pradarias', 300, FALSE, TRUE),
(ST_SetSRID(ST_MakePoint(-80.0, -20.0), 4326), 'Recifes de Corais', 0, TRUE, FALSE),
(ST_SetSRID(ST_MakePoint(-75.0, -25.0), 4326), 'Manguezal', 10, TRUE, FALSE);


INSERT INTO observacoes (especie_id, localizacao_id, data_hora, observador, notas) VALUES 
(1, 1, '2024-07-30 08:00:00', 'Gandalf', 'Avistado no meio da selva densa.'),
(2, 2, '2024-07-30 09:00:00', 'Aragorn', 'Observado em montanhas altas durante a manhã.'),
(3, 3, '2024-07-30 10:00:00', 'Legolas', 'Registrado em campos mágicos.'),
(4, 4, '2024-07-30 11:00:00', 'Frodo Baggins', 'Visto em florestas ao meio-dia.'),
(5, 5, '2024-07-30 12:00:00', 'Gollum', 'Avistado no deserto durante a tarde.'),
(6, 6, '2024-07-30 13:00:00', 'Sauron', 'Observada no pântano místico.'),
(7, 7, '2024-07-30 14:00:00', 'Bilbo Baggins', 'Visto nos rios da selva.'),
(8, 8, '2024-07-30 15:00:00', 'Gimli', 'Observado em planícies verdes.'),
(9, 9, '2024-07-30 16:00:00', 'Saruman', 'Visto em túneis subterrâneos.'),
(10, 10, '2024-07-30 17:00:00', 'Boromir', 'Avistado em ruínas antigas.'),
(11, 1, '2024-07-30 08:30:00', 'Eowyn', 'Observado em zonas urbanas.'),
(12, 2, '2024-07-30 09:30:00', 'Thorin Oakenshield', 'Visto em zonas rurais.'),
(13, 3, '2024-07-30 10:30:00', 'Grimthor', 'Observado na savana.'),
(14, 4, '2024-07-30 11:30:00', 'Azog', 'Visto no deserto.'),
(15, 5, '2024-07-30 12:30:00', 'Guts', 'Observada em rios.'),
(16, 6, '2024-07-30 13:30:00', 'Griffith', 'Avistado no mar.'),
(17, 7, '2024-07-30 14:30:00', 'Zodd', 'Observado em planícies.'),
(18, 8, '2024-07-30 15:30:00', 'Caska', 'Visto em montanhas.'),
(19, 9, '2024-07-30 16:30:00', 'Julius Caesar', 'Observado na tundra.'),
(20, 10, '2024-07-30 17:30:00', 'Joseph Joestar', 'Avistado na taiga.'),
(21, 1, '2024-07-30 18:00:00', 'Dio Brando', 'Observado nas pradarias.'),
(22, 2, '2024-07-30 18:30:00', 'Jotaro Kujo', 'Visto em recifes de corais.'),
(23, 3, '2024-07-30 19:00:00', 'Okuyasu Nijimura', 'Observada no manguezal.'),
(24, 1, '2024-07-30 19:30:00', 'Kakashi Hatake', 'Avistado na floresta amazônica.'),
(25, 2, '2024-07-30 20:00:00', 'Naruto Uzumaki', 'Observado na mata atlântica.'),
(26, 3, '2024-07-30 20:30:00', 'Sasuke Uchiha', 'Visto na caatinga.'),
(27, 4, '2024-07-30 21:00:00', 'Sakura Haruno', 'Observado em zonas rurais.'),
(28, 5, '2024-07-30 21:30:00', 'Itachi Uchiha', 'Avistado em zonas urbanas.'),
(29, 6, '2024-07-30 22:00:00', 'Madara Uchiha', 'Observado na savana.'),
(30, 7, '2024-07-30 22:30:00', 'Orochimaru', 'Visto no deserto.'),
(31, 8, '2024-07-30 23:00:00', 'Jiraiya', 'Observado em rios.'),
(32, 9, '2024-07-30 23:30:00', 'Kakashi Hatake', 'Avistada no mar.'),
(33, 10, '2024-07-31 00:00:00', 'Hinata Hyuga', 'Observado em planícies.'),
(34, 1, '2024-07-31 00:30:00', 'Minato Namikaze', 'Visto em montanhas.'),
(35, 2, '2024-07-31 01:00:00', 'Kurenai Yuhi', 'Observado na tundra.'),
(36, 3, '2024-07-31 01:30:00', 'Tsunade Senju', 'Avistado na taiga.'),
(37, 4, '2024-07-31 02:00:00', 'Jiraiya', 'Observado nas pradarias.'),
(38, 5, '2024-07-31 02:30:00', 'Sasori', 'Visto em recifes de corais.'),
(39, 6, '2024-07-31 03:00:00', 'Deidara', 'Observada no manguezal.'),
(40, 7, '2024-07-31 03:30:00', 'Hidan', 'Avistado na floresta amazônica.'),
(41, 8, '2024-07-31 04:00:00', 'Kisame Hoshigaki', 'Observado na mata atlântica.'),
(42, 9, '2024-07-31 04:30:00', 'Itachi Uchiha', 'Visto na caatinga.'),
(43, 10, '2024-07-31 05:00:00', 'Zetsu', 'Observada em zonas rurais.'),
(44, 1, '2024-07-31 05:30:00', 'Orochimaru', 'Avistada em zonas urbanas.'),
(45, 2, '2024-07-31 06:00:00', 'Tobi', 'Observado na savana.'),
(46, 3, '2024-07-31 06:30:00', 'Kakuzu', 'Visto no deserto.'),
(47, 4, '2024-07-31 07:00:00', 'Hidan', 'Observado em rios.'),
(48, 5, '2024-07-31 07:30:00', 'Deidara', 'Avistado no mar.'),
(49, 6, '2024-07-31 08:00:00', 'Sasori', 'Observado em planícies.'),
(50, 7, '2024-07-31 08:30:00', 'Jiraiya', 'Visto em montanhas.'),
(51, 8, '2024-07-31 09:00:00', 'Nagato', 'Observado na tundra.'),
(52, 9, '2024-07-31 09:30:00', 'Konan', 'Avistado na taiga.'),
(53, 10, '2024-07-31 10:00:00', 'Tobi', 'Observado nas pradarias.'),
(54, 1, '2024-07-31 10:30:00', 'Hidan', 'Visto em recifes de corais.'),
(55, 2, '2024-07-31 11:00:00', 'Kakuzu', 'Observada no manguezal.'),
(56, 3, '2024-07-31 11:30:00', 'Zetsu', 'Avistado na floresta amazônica.'),
(57, 4, '2024-07-31 12:00:00', 'Nagato', 'Observado na mata atlântica.'),
(58, 5, '2024-07-31 12:30:00', 'Konan', 'Visto na caatinga.'),
(59, 6, '2024-07-31 13:00:00', 'Sasori', 'Observado em zonas rurais.'),
(60, 7, '2024-07-31 13:30:00', 'Jiraiya', 'Avistado em zonas urbanas.');